{"stats":{"minecraft:mined":{"minecraft:hay_block":1,"minecraft:scaffolding":2,"minecraft:fire":4,"minecraft:sweet_berry_bush":1,"minecraft:wither_rose":1,"minecraft:grass":1,"minecraft:rail":2,"minecraft:cobweb":1,"minecraft:slime_block":1},"minecraft:picked_up":{"minecraft:scaffolding":2,"minecraft:andesite":3,"minecraft:wither_rose":1,"minecraft:stone_button":5,"minecraft:diorite":9,"minecraft:string":1,"minecraft:dirt":42,"minecraft:slime_block":1,"minecraft:wheat_seeds":1,"minecraft:hay_block":1,"minecraft:oak_boat":4,"minecraft:spruce_sign":1,"minecraft:minecart":2,"minecraft:oak_planks":11,"minecraft:rail":2,"minecraft:cobblestone":44},"minecraft:custom":{"minecraft:time_since_rest":450,"minecraft:damage_absorbed":40,"minecraft:sprint_one_cm":11139,"minecraft:damage_taken":11340,"minecraft:walk_one_cm":110796,"minecraft:minecart_one_cm":227,"minecraft:drop":1,"minecraft:interact_with_crafting_table":1,"minecraft:fly_one_cm":161697,"minecraft:open_chest":22,"minecraft:crouch_one_cm":4033,"minecraft:play_one_minute":65668,"minecraft:deaths":38,"minecraft:sneak_time":2635,"minecraft:walk_under_water_one_cm":18,"minecraft:boat_one_cm":982,"minecraft:leave_game":1,"minecraft:jump":108,"minecraft:walk_on_water_one_cm":5813,"minecraft:time_since_death":424,"minecraft:fall_one_cm":130340},"minecraft:dropped":{"minecraft:wheat_seeds":1},"minecraft:used":{"minecraft:oak_log":13,"minecraft:dark_oak_planks":6,"minecraft:water_bucket":6,"minecraft:diorite":4,"minecraft:flint_and_steel":4,"minecraft:melon":11,"minecraft:command_block":38,"minecraft:birch_planks":5,"minecraft:grass_block":55,"minecraft:light_weighted_pressure_plate":1,"minecraft:polished_andesite":29,"minecraft:dark_oak_sign":6,"minecraft:redstone":22,"minecraft:slime_block":1,"minecraft:oak_planks":412,"minecraft:stone_button":31,"minecraft:oak_sign":13,"minecraft:spruce_planks":8,"minecraft:ender_pearl":3,"minecraft:chest":5,"minecraft:stone":288,"minecraft:spruce_sign":13,"minecraft:stone_brick_stairs":6,"minecraft:oak_leaves":26,"minecraft:golden_apple":1,"minecraft:torch":8,"minecraft:scaffolding":2,"minecraft:diamond_sword":1,"minecraft:glowstone":4,"minecraft:dirt":51,"minecraft:rail":2,"minecraft:sweet_berries":1,"minecraft:hay_block":1,"minecraft:tnt":5,"minecraft:crafting_table":2,"minecraft:minecart":2,"minecraft:lime_stained_glass":1,"minecraft:wither_rose":1,"minecraft:birch_sign":11,"minecraft:oak_boat":4,"minecraft:bucket":6,"minecraft:stone_stairs":13,"minecraft:gold_block":4,"minecraft:cobweb":1}},"DataVersion":2567}